Symbol,Series,LTP,%change,52W High,Prev 52W High,52W High Date,Volume,Value
AAREYDRUGS,EQ,102.23,0.5013763271726307,103.5,102.96,17-Sep-2026,,
ACE,EQ,1216.3,0.8875248838752489,1241.5,1213.2,17-Sep-2026,,
ACMESOLAR,EQ,429.8,4.4979333819596405,434.9,430.5,04-Sep-2026,,
ACSTECH,EQ,66.15,5,66.15,63,17-Sep-2026,,
AHCL,EQ,23.13,5.906593406593407,24.78,22.94,15-Sep-2026,,
ALGOQUANT,EQ,72.25,3.022957364893769,76.2,71.85,17-Sep-2026,,
ALUFLUOR,EQ,537.45,9.19341731003657,542.5,509.9,02-Sep-2026,,
ANANDRATHI,EQ,2244,1.6580592552324,2268.4,2255,07-Sep-2026,,
APARINDS,EQ,18586,4.409864614347509,18599,18465,12-Aug-2026,,
APOORVA,EQ,31.1,4.53781512605042,31.2,29.75,17-Sep-2026,,
ASTAR,EQ,807.35,19.998513674197383,807.35,723,13-May-2026,,
AVALON,EQ,2430.1,8.973094170403588,2479.8,2424,07-Sep-2026,,
BHAGYANGR,EQ,443.35,-0.7054871220604704,467.9,446.5,17-Sep-2026,,
BIRLACABLE,EQ,410.45,2.1909622805925557,418.8,411.95,15-Sep-2026,,
BODALCHEM,EQ,191.23,4.996431120628123,191.23,189.68,09-Sep-2026,,
CONFIPET,EQ,92.09,6.143384047948364,92.61,91.65,15-Sep-2026,,
CPCAP,EQ,145.41,3.091102445941156,152,144.4,19-Sep-2025,,
CSM,EQ,106.82,4.072486360093531,114.9,113,02-Jul-2026,,
DICIND,EQ,631.45,0.4773649455008354,642,638.95,04-Sep-2026,,
DSKULKARNI,EQ,22.71,1.9757521329142345,22.71,22.27,17-Sep-2026,,
EMIL,EQ,198.48,7.245906954125466,202.86,196.74,13-Aug-2026,,
FILATEX,EQ,92.78,2.6895406751521858,94,91.9,17-Sep-2026,,
GCSL,EQ,619,4.147387902750904,619.95,616.9,10-Sep-2026,,
GFSTEELS,EQ,25.44,4.993809327280231,25.44,24.23,17-Sep-2026,,
GKSL,EQ,181.53,2.0863794848723427,186,183.05,15-Sep-2026,,
GLASSWALL,EQ,262.65,1.8734000465441005,304.2,257.82,17-Sep-2026,,
GMMPFAUDLR,EQ,1460,7.085228106205076,1470,1384.8,15-Sep-2026,,
GOCLCORP,EQ,442.95,-2.8937849391647483,461.4,459.9,22-Jun-2026,,
GRAUWEIL,EQ,86.27,9.078265267416867,88.53,87.4,02-Jul-2026,,
INDOKEM,EQ,630.55,-1.9591075176863872,668,666.9,17-Sep-2026,,
INDOMIM,EQ,1056.8,6.403544099879179,1060,1028.5,10-Sep-2026,,
JYOTICNC,EQ,1052.65,7.320181475251058,1065,1058.85,08-Sep-2026,,
KAMDHENU,EQ,41.05,4.987212276214834,41.05,40.95,08-Sep-2026,,
KARAMTARA,EQ,358.45,1.8323863636363635,377.9,352,17-Sep-2026,,
KISSHT,EQ,357.45,-0.6945409084595082,373,366.8,17-Sep-2026,,
KOPRAN,EQ,276.99,3.127443315089914,282.1,274.78,16-Sep-2026,,
KROSS,EQ,240.88,-0.48337120429663294,248.77,243.8,17-Sep-2026,,
LAURUSLABS,EQ,1971.3,1.1909039577023768,1982,1981.8,11-Sep-2026,,
LENSKART,EQ,697.2,2.5369512464151778,704,703.5,10-Sep-2026,,
LIQUIDCASE,EQ,116.01,0.0517464424320828,116.01,115.96,17-Sep-2026,,
LIQUIDSHRI,EQ,1122.14,0.03744249901936312,1122.15,1121.74,17-Sep-2026,,
MACPOWER,EQ,2090.4,8.784346378018318,2149,2050,28-Aug-2026,,
MASPTOP50,EQ,124.58,19.984590195511895,124.59,111.56,09-Sep-2026,,
MAXESTATES,EQ,593.6,2.770083102493075,594.3,584,17-Sep-2026,,
MBECL,EQ,401.59,4.999084895547363,401.59,382.47,17-Sep-2026,,
MKEXIM,EQ,68.13,2.25123818099955,69.87,68.69,27-Aug-2026,,
MONQ50,EQ,396.3,20,396.3,330.33,17-Sep-2026,,
MOREPENLAB,EQ,120.63,0.22432701894317048,123.45,122.55,08-Sep-2026,,
NEOGEN,EQ,2490,3.940557689096677,2497,2484.8,17-Sep-2026,,
NRBBEARING,EQ,524,10.969927996611606,534.9,519,11-Sep-2026,,
NRL,EQ,140,2.092904543134252,142,139,16-Sep-2026,,
PRASOLCHEM,EQ,694.3,2.2834413671184444,734.9,691.5,17-Sep-2026,,
PVRINOX,EQ,1316.6,3.4493596291349102,1330,1284.5,25-Aug-2026,,
QMSMEDI,EQ,177.36,4.996448022732655,177.36,170.99,17-Sep-2026,,
QUADFUTURE,EQ,529.25,1.486097794822627,554.4,534.35,17-Sep-2026,,
QUINT,EQ,65.11,2.2777254162739555,70.02,63.66,17-Sep-2026,,
RATNAVEER,EQ,301.5,-0.7734079315451703,331.95,322,17-Sep-2026,,
REDINGTON,EQ,399.15,-0.23744063984004,413.2,403.25,10-Sep-2026,,
RENTOMOJO,EQ,508.75,-4.773046326626111,581.95,546.8,17-Sep-2026,,
RIR,EQ,201.45,1.932904923341598,213.94,207.71,17-Sep-2026,,
ROSSTECH,EQ,1377.1,1.466254052460949,1464.9,1426.9,17-Sep-2026,,
SAMBHV,EQ,145.9,13.021922689596405,147.48,141.32,11-May-2026,,
SANSERA,EQ,4247,5.712507778469197,4260,4183.6,15-Sep-2026,,
SGRL,EQ,704.95,3.9442642288410497,722.65,722,08-Sep-2026,,
SHAREINDIA,EQ,226.57,3.721845815784655,233.35,219.95,17-Sep-2026,,
SHILPAMED,EQ,1019.25,6.354672092659258,1025,980.1,07-Sep-2026,,
SIGMAADV,EQ,860,0.3032423606251458,888.3,867,15-Sep-2026,,
SKFINDUS,EQ,2993,1.7923341155664387,3218.7,3131,03-Sep-2026,,
SOFTTECH,EQ,525.7,4.993009786299181,525.7,500.7,17-Sep-2026,,
STEAMHOUSE,EQ,96.4,-5.997074597757192,106,103.95,17-Sep-2026,,
STLNETWORK,EQ,42.95,4.986555854314348,42.95,40.91,17-Sep-2026,,
SYRMA,EQ,1720.9,6.379427582370032,1764,1660,09-Sep-2026,,
TALBROAUTO,EQ,474.05,8.926930147058824,478,451.6,10-Aug-2026,,
TBZ,EQ,603.55,4.992606766982691,603.55,583.05,09-Sep-2026,,
TIMEX,EQ,699.25,14.424807723776796,716,687.8,31-Aug-2026,,
UNIVPHOTO,EQ,598.9,-2.45928338762215,624.75,620,17-Sep-2026,,
VALIANTORG,EQ,426,4.296731546088872,428.85,414,15-Sep-2026,,
VEEGALAND,EQ,146.3,-5,154,0,-,,
VELJAN,EQ,1931.1,-2.385886872567356,2009,1996.8,17-Sep-2026,,
VENUSPIPES,EQ,2266.5,6.3235914997419895,2296.3,2160,17-Sep-2026,,
WELSPUNLIV,EQ,214.21,0.9234393404004712,216,216,07-Sep-2026,,
WSTCSTPAPR,EQ,762,6.357736059738991,764.75,743,17-Sep-2026,,
XTRANET,EQ,313.73,3.739832021691687,330,308.67,17-Sep-2026,,
YATHARTH,EQ,1126.8,5.072734054457292,1184,1083.8,17-Sep-2026,,
IMPEXFERRO,EQ,5.58,1.8248175182481752,5.58,5.48,17-Sep-2026,,
ROLLT,EQ,5.71,4.963235294117647,5.71,5.44,17-Sep-2026,,
TOYAMSL,EQ,0.77,4.054054054054054,0.77,0.74,17-Sep-2026,,
