Symbol,Series,Prev. Close,LTP,%change,Upper Band,Volume,Value
LALITHAA,EQ,290.4,304.9,   4.99,5,84.56069,248.51541184099997
TBZ,EQ,574.85,603.55,   4.99,5,14.3327,86.19542453
THANGAMAYL,EQ,4811.0,4992.5,   3.77,5,1.21824,60.937095744000004
HLEGLAS,EQ,415.65,447.6,   7.69,10,9.41154,41.89547031
CMRGREEN,EQ,213.26,231.65,   8.62,10,16.40103,37.774852296
BODALCHEM,EQ,182.13,191.23,   5.00,5,16.36286,31.027255132
HEG,BE,225.8,237.05,   4.98,5,9.20707,21.749861461000002
CORDELIA,EQ,109.68,115.06,   4.91,5,17.56101,20.137210167
DEEDEV,EQ,636.95,668.75,   4.99,5,2.86617,19.094997774
SUDEEPPHRM,EQ,1105.4,1160.6,   4.99,5,1.51241,17.283367757
GVPIL,EQ,624.9,656.1,   4.99,5,1.27075,8.2608916
WAAREEINDO,EQ,258.8,271,   4.71,5,2.70057,7.253460962999999
VALIANTORG,BE,408.45,426,   4.30,5,1.5611,6.668863089999999
PRIORITY,BE,221.17,230.9,   4.40,5,2.08001,4.751574843999999
STLNETWORK,EQ,40.91,42.95,   4.99,5,11.03909,4.741289155
QUINT,EQ,63.66,65.11,   2.28,10,6.34,4.373966
WEL,EQ,69.47,72.94,   4.99,5,5.41247,3.873163532
SAHASRA,SM,320.1,336.1,   5.00,5,1.088,3.6218432
KAMDHENU,BE,39.1,41.05,   4.99,5,8.42383,3.4032273200000005
GAYAPROJ,EQ,23.62,24.8,   5.00,5,12.27895,3.016938015
ACSTECH,BE,63.0,66.1,   4.92,5,4.30078,2.8402351120000002
VETO,BE,132.53,139.15,   5.00,5,1.88143,2.591293539
KSHITIJPOL,EQ,4.01,4.21,   4.99,5,61.66946,2.59011732
ASHUTOSH,ST,148.6,154.1,   3.70,5,1.5,2.32215
BHAGERIA,BE,318.85,334.75,   4.99,5,0.62249,2.080921821
SALSTEEL,EQ,78.35,82.26,   4.99,5,2.4908,2.03348912
TIRUPATIFL,BE,64.48,67.7,   4.99,5,2.98973,1.998634505
VALIANTLAB,BE,122.75,124.15,   1.14,5,1.51936,1.935968512
SEJALLTD,EQ,681.7,695.05,   1.96,5,0.26259,1.845298707
SOFTTECH,EQ,500.7,524.8,   4.81,5,0.34028,1.785517216
RAMASTEEL,BE,4.11,4.28,   4.14,5,40.16269,1.6988817870000001
QMSMEDI,BE,168.92,177.36,   5.00,5,0.86166,1.516176936
BGRENERGY,BE,243.45,255.62,   5.00,5,0.5908,1.5041768
TAURIAN,ST,492.65,517.25,   4.99,5,0.272,1.3932656
MADHURKNIT,SM,46.9,51.55,   9.91,10,2.58,1.278648
ALKALI,EQ,73.05,87.66,  20.00,20,1.31957,1.110286198
ASTAR,EQ,672.8,807.35,  20.00,20,0.13579,1.090651701
AKANKSHA,SM,133.0,139.65,   5.00,5,0.72,0.996264
OPTIVALUE,ST,183.95,193.1,   4.97,5,0.512,0.9791488
FASCINATE,SM,45.6,47.85,   4.93,5,2.016,0.935424
NURECA,BE,332.35,348,   4.71,5,0.25396,0.8814443679999999
MANUGRAPH,EQ,15.19,17.73,  16.72,20,4.85905,0.86879814
ROLLT,BE,5.44,5.71,   4.96,5,14.98201,0.841988962
BI,BE,102.5,107.62,   5.00,5,0.75195,0.808271055
METALIC,ST,136.85,143.65,   4.97,5,0.56,0.800632
UNIVASTU,BE,145.01,152.26,   5.00,5,0.50294,0.76572615
APTECHT,BE,87.67,92.05,   5.00,5,0.8247,0.7485801900000001
SILKFLEX,SM,267.0,280.35,   5.00,5,0.23,0.637238
SHIVAMAUTO,EQ,16.19,19.42,  19.95,20,2.91779,0.561091017
SHEKHAWATI,BE,21.02,21.85,   3.95,5,2.54163,0.552550362
ABH,SM,39.8,43.75,   9.92,10,1.224,0.5166504
HVAX,SM,674.15,701,   3.98,5,0.072,0.5061024
LANCORHOL,BE,35.2,36.75,   4.40,5,1.34664,0.49623684
VARDHACRLC,BE,43.14,44.5,   3.15,5,1.07492,0.482746572
PKTEA,BE,920.5,966.5,   5.00,5,0.05127,0.480312741
DIGISPICE,EQ,16.28,17,   4.42,5,2.81039,0.47242655899999997
KLL,SM,27.05,32.35,  19.59,20,1.512,0.467208
APEXECO,ST,250.0,262.5,   5.00,5,0.176,0.4588672
KEN,SM,41.8,44,   5.26,20,0.972,0.457812
KAYA,BE,324.8,341,   4.99,5,0.13462,0.456779122
ABINFRA,BE,11.02,11.57,   4.99,5,3.93137,0.45053500199999996
FONEBOX,SM,125.95,132.2,   4.96,5,0.33,0.436227
GOLDSTAR,SM,9.0,9.45,   5.00,5,4.275,0.40356
GATECH,BE,0.7,0.73,   4.29,5,51.56444,0.37642041200000004
MCLEODRUSS,EQ,42.22,44.33,   5.00,5,0.84465,0.369196515
EPWINDIA,ST,240.0,243,   1.25,5,0.144,0.3586752
TEAMTECH,ST,125.65,131.9,   4.97,5,0.24,0.313512
LAKSHYA,SM,84.8,93.25,   9.96,10,0.344,0.3123864
GCHOTELS,ST,109.6,115.05,   4.97,5,0.258,0.2958228
DYNAMIC,ST,139.9,139.8,  -0.07,5,0.2,0.28962
AMEYA,SM,135.8,142.55,   4.97,5,0.2,0.28036
TECHNVISN,EQ,4144.0,4350,   4.97,5,0.00667,0.27696974900000004
IEML,ST,41.35,42.55,   2.90,5,0.655,0.275755
HPTL,SM,413.4,433,   4.74,5,0.06,0.26034
WOMANCART,ST,101.0,106.05,   5.00,5,0.232,0.2447832
BHADORA,ST,117.7,122.9,   4.42,5,0.192,0.2314944
SHREEDHAR,ST,153.35,161,   4.99,5,0.14,0.22505
AKSHARCHEM,BE,373.5,392.15,   4.99,5,0.05797,0.225033743
EVERESTIND,BE,400.0,415,   3.75,5,0.05195,0.21204431499999998
BURNPUR,BE,17.5,17.3,  -1.14,5,1.16999,0.20966220800000002
REFRACTORY,SM,30.2,31.65,   4.80,5,0.61,0.193126
LPDC,EQ,6.1,7.06,  15.74,20,2.66154,0.182847798
NIMBSPROJ,EQ,183.73,192.9,   4.99,5,0.07495,0.143132015
MONEYBOXX,EQ,51.9,54.49,   4.99,5,0.24084,0.131233716
CAPTRUST,BE,18.48,19.16,   3.68,5,0.61535,0.118947155
DIGJAMLMTD,BE,58.67,61.6,   4.99,5,0.18518,0.11034876200000002
VISACHROME,EQ,30.27,30.35,   0.26,5,0.30533,0.092148594
SWISSMLTRY,BE,14.66,14.86,   1.36,5,0.52235,0.07798685500000001
UTKAL,SM,46.1,47.85,   3.80,5,0.16,0.07656
MBECL,BE,382.47,401.59,   5.00,5,0.01856,0.074535104
GVKPIL,BE,2.37,2.41,   1.69,2,2.96315,0.071411915
S&SPOWER,EQ,318.7,325.4,   2.10,5,0.02013,0.065881464
PENTAGON,ST,87.0,91.35,   5.00,5,0.07,0.063441
CLSL,ST,74.95,71.55,  -4.54,5,0.08,0.060824
DHARAN,BZ,0.13,0.14,   7.69,5,46.72104,0.060737352
SADBHAV,EQ,7.52,7.72,   2.66,5,0.78712,0.060450816000000004
CTE,BE,38.77,40.7,   4.98,5,0.14233,0.057672116
ZEAL,SM,75.0,80.05,   6.73,10,0.066,0.0536778
TPHQ,BE,0.53,0.55,   3.77,5,8.88805,0.04799547
MPEL,ST,21.2,22.25,   4.95,5,0.192,0.0426624
KRITINUT,EQ,80.45,82.7,   2.80,5,0.05098,0.042226734
PARASPETRO,EQ,2.13,2.16,   1.41,5,1.67924,0.036439508
TOYAMSL,EQ,0.74,0.77,   4.05,5,4.36923,0.033643071000000004
RNPL,SM,55.5,58.25,   4.95,5,0.048,0.027912
DHRUV,EQ,21.69,21.35,  -1.57,5,0.12444,0.027613236
AKI,BE,5.82,6.11,   4.98,5,0.43536,0.026600496
AUROIMPEX,SM,32.15,33.75,   4.98,5,0.064,0.0216
LCCINFOTEC,EQ,3.28,3.44,   4.88,5,0.47267,0.016259848
FEL,BZ,0.36,0.37,   2.78,2,4.4823,0.01613628
GATECHDVR,BE,0.48,0.49,   2.08,5,3.23869,0.015545712
IMPEXFERRO,BZ,5.48,5.58,   1.82,2,0.26392,0.014726735999999999
888SCL25E,N4,898.0,800, -10.91,20,0.00172,0.014249856
SEYAIND,BE,12.87,12.7,  -1.32,2,0.10476,0.013566420000000001
PPSL,SM,2.9,3,   3.45,5,0.45,0.01332
GFSTEELS,BE,24.23,25.44,   4.99,5,0.04818,0.012256992
DEEM,ST,39.0,40.95,   5.00,5,0.03,0.012
CRAYONS,SM,23.05,23.5,   1.95,5,0.04,0.009492
RADIOWALLA,ST,25.2,26.45,   4.96,5,0.032,0.0082624
TIMESCAN,SM,37.6,39.45,   4.92,5,0.02,0.00789
MPEL-RE,ST,1.65,1.8,   9.09,10,0.416,0.007488
SVPGLOB,EQ,3.35,3.39,   1.19,5,0.18372,0.006301596
ANSALAPI,BZ,3.52,3.59,   1.99,2,0.1722,0.00616476
SITINET,BZ,0.27,0.28,   3.70,2,1.97428,0.005330556
FLFL,BZ,1.11,1.1,  -0.90,5,0.32902,0.003685024
MASKINVEST,EQ,137.0,143.85,   5.00,5,0.00228,0.003278868
WINNY,SM,30.95,32.45,   4.85,5,0.01,0.003245
PARSVNATH,BE,1.81,1.84,   1.66,2,0.17167,0.003158728
INSPIRE,SM,9.25,9.7,   4.86,5,0.02,0.00194
QUICKTOUCH,SM,16.2,17,   4.94,5,0.01,0.0017
ANKITMETAL,BZ,1.7,1.73,   1.76,2,0.05982,0.001034886
FLEXITUFF,BE,2.46,2.58,   4.88,5,0.03794,0.000978852
SIEL,EQ,31.5,30,  -4.76,5,0.00233,0.000704359
DSKULKARNI,BE,22.27,22.71,   1.98,2,0.00161,0.000365631
FELDVR,BZ,1.96,2.05,   4.59,5,0.01629,0.000322542
